antibody,treatment,n,n_live,perc_live,mean_apc,n_pos_tnfa,perc_pos_tnfa
ISOTYPE,MEDIA,20154,17856,88.6,3.9503275141759593,38,0.2
ISOTYPE,LPS,31789,30675,96.5,3.9688522574136043,41,0.1
ISOTYPE,ECOLIGreen,44095,41927,95.1,3.86792095987118,278,0.7
TNFAPC,MEDIA,31089,28085,90.3,4.121844806853733,20066,71.4
TNFAPC,LPS,31945,30536,95.6,5.075324609857279,30481,99.8
TNFAPC,ECOLIGreen,32591,30715,94.2,5.201248155679685,30686,99.9
